t,open_price,close_price,high_price,low_price,volumn
20171109000000,8418000,8420000,8420000,8403000,1.09498185
20171109000100,8420000,8406000,8420000,8404000,0.78772633
20171109000200,8405000,8406000,8407000,8405000,0.97153022
20171109000300,8405000,8403000,8405000,8402000,2.12663181
20171109000400,8402000,8401000,8402000,8401000,1.21345381
20171109000500,8401000,8401000,8402000,8401000,0.76257027
20171109000600,8401000,8401000,8402000,8401000,0.52394063
20171109000700,8401000,8399000,8401000,8398000,1.03669075
20171109000800,8400000,8395000,8400000,8395000,1.34234998
20171109000900,8395000,8401000,8401000,8395000,0.41847903
20171109001000,8402000,8402000,8402000,8401000,0.84660204
20171109001100,8402000,8401000,8402000,8401000,1.01160004
20171109001200,8402000,8417000,8417000,8400000,1.1064022
20171109001300,8401000,8415000,8415000,8401000,0.76103348
20171109001400,8402000,8402000,8415000,8402000,0.9557385
20171109001500,8402000,8412000,8414000,8402000,1.35276721
20171109001600,8412000,8418000,8418000,8402000,1.81533073
20171109001700,8413000,8424000,8424000,8413000,1.01581835
20171109001800,8424000,8415000,8424000,8414000,1.03949568
20171109001900,8415000,8423000,8424000,8415000,1.171546
20171109002000,8423000,8422000,8426000,8421000,0.75417835
20171109002100,8421000,8421000,8421000,8414000,1.30173482
20171109002200,8414000,8414000,8421000,8414000,0.75746752
20171109002300,8415000,8414000,8421000,8413000,0.79053785
20171109002400,8413000,8414000,8414000,8413000,0.93424401
20171109002500,8414000,8414000,8421000,8414000,0.91104559
20171109002600,8420000,8421000,8428000,8420000,1.263439
20171109002700,8421000,8425000,8426000,8421000,0.411261
20171109002800,8425000,8424000,8425000,8424000,2.93424492
20171109002900,8423000,8424000,8425000,8423000,0.718569
20171109003000,8424000,8425000,8426000,8424000,0.780338
20171109003100,8426000,8424000,8426000,8424000,0.61734116
20171109003200,8425000,8423000,8426000,8422000,0.87127112
20171109003300,8422000,8425000,8426000,8422000,3.35145861
20171109003400,8425000,8424000,8426000,8423000,1.06575343
20171109003500,8424000,8424000,8424000,8424000,0.586029
20171109003600,8424000,8424000,8424000,8423000,1.31315317
20171109003700,8424000,8425000,8425000,8424000,1.32889182
20171109003800,8425000,8424000,8425000,8424000,0.51482653
20171109003900,8425000,8424000,8425000,8424000,0.84916199
20171109004000,8424000,8423000,8424000,8423000,0.93598271
20171109004100,8424000,8415000,8424000,8413000,0.67901612
20171109004200,8423000,8421000,8423000,8421000,0.53129804
20171109004300,8422000,8422000,8422000,8421000,0.956611
20171109004400,8422000,8422000,8422000,8422000,1.01386639
20171109004500,8422000,8422000,8422000,8421000,1.04832701
20171109004600,8422000,8422000,8422000,8422000,0.30240979
20171109004700,8422000,8421000,8422000,8421000,1.29435998
20171109004800,8421000,8421000,8421000,8421000,0.84157583
20171109004900,8420000,8420000,8420000,8420000,0.434699
20171109005000,8420000,8415000,8420000,8414000,1.05639837
20171109005100,8415000,8413000,8415000,8413000,0.80456046
20171109005200,8413000,8412000,8413000,8405000,0.80474647
20171109005300,8412000,8418000,8419000,8412000,0.7403890000000001
20171109005400,8417000,8418000,8418000,8417000,0.7233501
20171109005500,8418000,8414000,8418000,8414000,0.89396271
20171109005600,8414000,8411000,8414000,8409000,0.80023999
20171109005700,8410000,8410000,8414000,8409000,0.71880481
20171109005800,8413000,8410000,8413000,8410000,1.00976372
20171109005900,8410000,8410000,8412000,8410000,0.90857806
20171109010000,8412000,8410000,8412000,8410000,1.47470197
20171109010100,8410000,8412000,8412000,8410000,1.61873626
20171109010200,8411000,8413000,8413000,8411000,1.06806542
20171109010300,8412000,8413000,8413000,8412000,0.797974
20171109010400,8412000,8412000,8413000,8412000,0.71554794
20171109010500,8412000,8412000,8412000,8412000,0.35757206
20171109010600,8411000,8411000,8411000,8411000,0.94741
20171109010700,8411000,8411000,8411000,8410000,0.810662
20171109010800,8410000,8411000,8411000,8410000,0.87822692
20171109010900,8411000,8409000,8411000,8409000,1.44485471
20171109011000,8410000,8407000,8410000,8407000,0.8419883
20171109011100,8406000,8408000,8408000,8406000,0.8679938
20171109011200,8410000,8407000,8412000,8407000,0.57659684
20171109011300,8409000,8408000,8409000,8407000,0.78943921
20171109011400,8408000,8408000,8409000,8408000,1.12703812
20171109011500,8408000,8409000,8409000,8408000,0.458583
20171109011600,8408000,8409000,8409000,8407000,0.79980847
20171109011700,8409000,8408000,8409000,8408000,0.793838
20171109011800,8409000,8408000,8409000,8408000,0.747602
20171109011900,8408000,8411000,8411000,8408000,0.86470116
20171109012000,8411000,8410000,8412000,8409000,0.73436916
20171109012100,8410000,8409000,8410000,8391000,1.484386
20171109012200,8391000,8385000,8412000,8385000,2.11870345
20171109012300,8388000,8412000,8412000,8386000,0.82350927
20171109012400,8387000,8388000,8388000,8387000,0.719608
20171109012500,8389000,8407000,8409000,8389000,1.166251
20171109012600,8406000,8404000,8406000,8404000,0.88577658
20171109012700,8404000,8403000,8404000,8403000,0.80986249
20171109012800,8403000,8402000,8403000,8388000,0.90034581
20171109012900,8401000,8388000,8401000,8388000,1.993964
20171109013000,8398000,8399000,8399000,8398000,0.67520104
20171109013100,8398000,8391000,8399000,8391000,1.06892371
20171109013200,8399000,8391000,8399000,8390000,0.92089799
20171109013300,8391000,8388000,8398000,8388000,1.11688819
20171109013400,8389000,8398000,8398000,8389000,0.488164
20171109013500,8389000,8396000,8398000,8389000,1.42517126
20171109013600,8398000,8389000,8398000,8388000,0.87090492
20171109013700,8389000,8389000,8397000,8389000,0.723008
20171109013800,8389000,8398000,8398000,8389000,0.734366
20171109013900,8398000,8397000,8398000,8397000,2.076821
20171109014000,8397000,8398000,8398000,8397000,0.97638239
20171109014100,8397000,8397000,8397000,8388000,0.88782604
20171109014200,8396000,8396000,8396000,8395000,0.656021
20171109014300,8395000,8393000,8395000,8389000,0.97930675
20171109014400,8392000,8386000,8392000,8386000,1.6190423
20171109014500,8390000,8383000,8390000,8383000,1.1266588
20171109014600,8384000,8384000,8386000,8384000,0.645026
20171109014700,8386000,8384000,8386000,8384000,1.14470274
20171109014800,8391000,8391000,8391000,8384000,0.420189
20171109014900,8385000,8383000,8390000,8382000,1.07551522
20171109015000,8388000,8386000,8388000,8386000,0.794014
20171109015100,8385000,8387000,8388000,8385000,0.89504352
20171109015200,8382000,8385000,8386000,8382000,0.63992635
20171109015300,8384000,8383000,8384000,8383000,0.86073247
20171109015400,8388000,8384000,8388000,8384000,0.841614
20171109015500,8383000,8382000,8383000,8382000,0.92451493
20171109015600,8383000,8383000,8387000,8383000,0.8477879999999999
20171109015700,8383000,8387000,8387000,8383000,0.8445860000000001
20171109015800,8387000,8385000,8387000,8384000,0.87194665
20171109015900,8384000,8383000,8384000,8383000,0.6462979999999999
20171109020000,8383000,8384000,8384000,8383000,0.856987
20171109020100,8384000,8385000,8385000,8384000,0.62942
20171109020200,8385000,8385000,8391000,8385000,1.03860315
20171109020300,8399000,8384000,8399000,8383000,0.62289786
20171109020400,8398000,8384000,8398000,8384000,0.623571
20171109020500,8396000,8396000,8397000,8395000,0.640574
20171109020600,8396000,8398000,8399000,8396000,0.85149644
20171109020700,8387000,8399000,8399000,8387000,0.87511044
20171109020800,8399000,8400000,8402000,8399000,0.93362917
20171109020900,8387000,8389000,8404000,8387000,1.11745479
20171109021000,8404000,8404000,8404000,8391000,0.62453657
20171109021100,8389000,8390000,8404000,8389000,1.00672156
20171109021200,8404000,8391000,8413000,8391000,0.841152
20171109021300,8412000,8410000,8412000,8410000,0.779728
20171109021400,8410000,8413000,8413000,8410000,0.81049729
20171109021500,8413000,8426000,8426000,8413000,1.77356387
20171109021600,8417000,8418000,8428000,8417000,2.672659
20171109021700,8418000,8430000,8430000,8417000,3.93420923
20171109021800,8419000,8430000,8434000,8419000,2.76856546
20171109021900,8434000,8437000,8440000,8420000,4.62367647
20171109022000,8440000,8451000,8451000,8439000,6.17469727
20171109022100,8451000,8470000,8470000,8451000,3.00609875
20171109022200,8479000,8487000,8487000,8479000,2.75138996
20171109022300,8488000,8500000,8500000,8488000,2.80399356
20171109022400,8500000,8500000,8500000,8499000,9.96987911
20171109022500,8500000,8517000,8525000,8500000,3.27166718
20171109022600,8524000,8539000,8539000,8524000,1.78249639
20171109022700,8539000,8559000,8560000,8539000,7.74389584
20171109022800,8559000,8567000,8567000,8559000,2.13056594
20171109022900,8567000,8597000,8597000,8567000,7.96675062
20171109023000,8572000,8597000,8597000,8572000,4.56740064
20171109023100,8597000,8600000,8600000,8571000,5.68572438
20171109023200,8600000,8542000,8610000,8542000,7.56688307
20171109023300,8592000,8545000,8592000,8543000,1.13710003
20171109023400,8584000,8581000,8584000,8547000,2.0981092999999995
20171109023500,8579000,8560000,8579000,8530000,5.52533446
20171109023600,8530000,8566000,8568000,8530000,2.47702701
20171109023700,8532000,8531000,8565000,8530000,5.23955471
20171109023800,8568000,8576000,8576000,8565000,3.1482953
20171109023900,8576000,8603000,8604000,8576000,4.11988342
20171109024000,8603000,8630000,8630000,8603000,4.21667068
20171109024100,8630000,8620000,8630000,8620000,3.48589322
20171109024200,8620000,8596000,8620000,8596000,0.82590333
20171109024300,8595000,8594000,8595000,8531000,1.03152284
20171109024400,8593000,8596000,8604000,8593000,1.02579404
20171109024500,8604000,8629000,8630000,8604000,2.93734544
20171109024600,8629000,8597000,8629000,8596000,3.12154204
20171109024700,8629000,8627000,8629000,8599000,0.67105616
20171109024800,8627000,8629000,8630000,8601000,3.7702222
20171109024900,8629000,8606000,8629000,8606000,1.90361666
20171109025000,8608000,8609000,8625000,8608000,0.99058666
20171109025100,8610000,8609000,8610000,8608000,1.24838723
20171109025200,8622000,8610000,8622000,8610000,1.32991571
20171109025300,8610000,8609000,8610000,8609000,0.81521109
20171109025400,8609000,8609000,8609000,8608000,1.29085673
20171109025500,8609000,8594000,8609000,8594000,3.49068353
20171109025600,8541000,8535000,8541000,8530000,2.66599408
20171109025700,8535000,8598000,8599000,8535000,4.03289289
20171109025800,8598000,8550000,8598000,8550000,2.46424477
20171109025900,8595000,8599000,8599000,8550000,2.76851004
20171109030000,8599000,8564000,8599000,8563000,0.87484315
20171109030100,8564000,8588000,8593000,8563000,1.07423346
20171109030200,8564000,8567000,8587000,8564000,1.6947154999999998
20171109030300,8567000,8593000,8595000,8564000,1.7100449
20171109030400,8593000,8592000,8593000,8586000,1.47357049
20171109030500,8592000,8592000,8592000,8591000,1.20973857
20171109030600,8592000,8592000,8592000,8586000,1.37237704
20171109030700,8590000,8589000,8590000,8587000,0.77385025
20171109030800,8564000,8552000,8564000,8552000,0.60398432
20171109030900,8639000,8499000,8639000,8499000,4.62225577
20171109031000,8497000,8479000,8497000,8470000,2.78652885
20171109031100,8492000,8491000,8492000,8480000,1.04870407
20171109031200,8470000,8470000,8491000,8470000,1.78114555
20171109031300,8470000,8470000,8471000,8470000,0.76296129
20171109031400,8436000,8417000,8436000,8417000,1.30635115
20171109031500,8417000,8379000,8417000,8379000,2.91329607
20171109031600,8379000,8330000,8379000,8330000,3.37422826
20171109031700,8336000,8320000,8380000,8320000,7.19916537
20171109031800,8337000,8338000,8375000,8322000,1.43881765
20171109031900,8337000,8336000,8337000,8320000,1.33069643
20171109032000,8323000,8322000,8336000,8322000,0.8958086
20171109032100,8321000,8319000,8322000,8319000,1.05010208
20171109032200,8319000,8324000,8334000,8319000,4.1322782
20171109032300,8334000,8334000,8334000,8321000,1.22738307
20171109032400,8325000,8337000,8337000,8325000,1.58627478
20171109032500,8337000,8338000,8338000,8336000,1.20694921
20171109032600,8374000,8351000,8374000,8351000,0.89115254
20171109032700,8373000,8352000,8374000,8352000,1.7212591
20171109032800,8352000,8340000,8354000,8339000,1.87816795
20171109032900,8349000,8324000,8349000,8324000,1.47257242
20171109033000,8324000,8324000,8324000,8322000,2.40402559
20171109033100,8324000,8337000,8337000,8322000,1.77796378
20171109033200,8337000,8320000,8350000,8319000,1.47953845
20171109033300,8323000,8319000,8323000,8319000,1.40860318
20171109033400,8318000,8316000,8318000,8305000,3.15958963
20171109033500,8313000,8313000,8313000,8303000,1.98064395
20171109033600,8313000,8296000,8313000,8296000,4.62117311
20171109033700,8296000,8278000,8296000,8277000,3.94767751
20171109033800,8278000,8201000,8278000,8200000,6.77670915
20171109033900,8201000,8165000,8202000,8165000,13.17826504
20171109034000,8165000,8150000,8165000,8141000,25.37050312
20171109034100,8141000,8113000,8141000,8113000,5.86421276
20171109034200,8113000,8089000,8113000,8089000,14.56483247
20171109034300,8090000,8090000,8090000,8081000,11.82531979
20171109034400,8090000,8095000,8100000,8075000,7.17038746
20171109034500,8100000,8190000,8193000,8078000,4.36589619
20171109034600,8151000,8190000,8191000,8151000,7.82032753
20171109034700,8151000,8160000,8190000,8151000,10.60581356
20171109034800,8188000,8151000,8188000,8151000,8.55245399
20171109034900,8187000,8151000,8220000,8151000,9.74609698
20171109035000,8151000,8223000,8273000,8151000,10.05701075
20171109035100,8222000,8156000,8273000,8153000,2.88647275
20171109035200,8200000,8160000,8200000,8158000,7.73011049
20171109035300,8179000,8180000,8200000,8158000,2.69544698
20171109035400,8179000,8161000,8179000,8160000,0.77185799
20171109035500,8161000,8176000,8177000,8161000,0.93031764
20171109035600,8175000,8237000,8238000,8174000,2.7769784
20171109035700,8170000,8232000,8235000,8167000,2.10018386
20171109035800,8176000,8228000,8232000,8176000,1.13307226
20171109035900,8225000,8227000,8228000,8225000,1.49464501
20171109040000,8228000,8231000,8231000,8228000,1.69424021
20171109040100,8232000,8270000,8271000,8231000,1.43079999
20171109040200,8269000,8228000,8269000,8228000,2.92357275
20171109040300,8228000,8190000,8228000,8172000,3.14210555
20171109040400,8190000,8170000,8190000,8169000,1.10117377
20171109040500,8171000,8168000,8171000,8168000,1.63628082
20171109040600,8167000,8164000,8170000,8164000,7.89342214
20171109040700,8168000,8164000,8170000,8164000,2.04037252
20171109040800,8164000,8165000,8170000,8164000,0.87324026
20171109040900,8169000,8185000,8185000,8165000,3.69733373
20171109041000,8184000,8185000,8185000,8165000,1.90778456
20171109041100,8185000,8199000,8200000,8185000,1.88111289
20171109041200,8191000,8200000,8200000,8191000,1.37154956
20171109041300,8200000,8246000,8246000,8200000,0.7379676
20171109041400,8246000,8217000,8248000,8208000,0.81065278
20171109041500,8243000,8250000,8258000,8243000,1.49994265
20171109041600,8257000,8290000,8290000,8257000,2.68399647
20171109041700,8290000,8263000,8290000,8263000,0.9997846
20171109041800,8263000,8253000,8265000,8229000,2.73317641
20171109041900,8253000,8239000,8253000,8229000,2.61112151
20171109042000,8231000,8232000,8238000,8230000,1.32580272
20171109042100,8232000,8255000,8256000,8232000,1.29397339
20171109042200,8253000,8254000,8254000,8253000,0.75558193
20171109042300,8252000,8250000,8252000,8238000,0.97890718
20171109042400,8242000,8242000,8242000,8240000,1.10267266
20171109042500,8250000,8243000,8250000,8242000,1.03202709
20171109042600,8247000,8244000,8247000,8226000,3.92866368
20171109042700,8243000,8241000,8243000,8238000,1.23231861
20171109042800,8242000,8242000,8247000,8241000,0.83449259
20171109042900,8245000,8243000,8247000,8238000,1.85069701
20171109043000,8238000,8243000,8244000,8238000,1.56720118
20171109043100,8242000,8240000,8242000,8226000,1.74413021
20171109043200,8229000,8224000,8229000,8224000,2.33455833
20171109043300,8224000,8242000,8242000,8223000,1.08778053
20171109043400,8223000,8243000,8243000,8223000,1.382738
20171109043500,8243000,8243000,8244000,8243000,1.23392622
20171109043600,8243000,8243000,8245000,8242000,0.95819086
20171109043700,8242000,8242000,8243000,8242000,1.10550394
20171109043800,8243000,8225000,8243000,8224000,2.63983045
20171109043900,8227000,8227000,8227000,8226000,0.83723072
20171109044000,8227000,8237000,8238000,8227000,0.64439058
20171109044100,8237000,8238000,8239000,8227000,4.28425763
20171109044200,8237000,8241000,8241000,8229000,1.61322025
20171109044300,8241000,8247000,8251000,8241000,1.31705547
20171109044400,8246000,8228000,8251000,8222000,1.97859229
20171109044500,8249000,8243000,8249000,8230000,0.95160576
20171109044600,8232000,8230000,8243000,8230000,1.33518864
20171109044700,8233000,8231000,8233000,8230000,2.70290555
20171109044800,8231000,8208000,8232000,8208000,4.2346575999999985
20171109044900,8221000,8221000,8221000,8210000,3.1022947
20171109045000,8220000,8211000,8220000,8210000,2.70731619
20171109045100,8211000,8210000,8220000,8208000,1.57653301
20171109045200,8218000,8208000,8219000,8208000,1.59241859
20171109045300,8207000,8190000,8208000,8190000,3.8376198
20171109045400,8190000,8174000,8198000,8173000,1.3190083
20171109045500,8173000,8172000,8174000,8172000,2.65914102
20171109045600,8172000,8172000,8172000,8166000,2.44146481
20171109045700,8170000,8170000,8170000,8166000,0.74273368
20171109045800,8170000,8164000,8170000,8164000,3.14995756
20171109045900,8163000,8150000,8163000,8150000,4.64554538
20171109050000,8151000,8147000,8151000,8147000,1.1819779
20171109050100,8146000,8077000,8146000,8070000,7.03699134
20171109050200,8095000,8065000,8095000,8065000,4.47759291
20171109050300,8064000,8064000,8065000,8060000,2.6462224
20171109050400,8094000,8090000,8094000,8068000,0.76621295
20171109050500,8090000,8069000,8090000,8068000,0.79508368
20171109050600,8088000,8086000,8088000,8070000,3.47090507
20171109050700,8086000,8070000,8090000,8070000,4.41130305
20171109050800,8070000,8087000,8088000,8065000,5.84412069
20171109050900,8066000,8086000,8090000,8065000,3.90946786
20171109051000,8068000,8085000,8087000,8068000,1.00155228
20171109051100,8081000,8071000,8081000,8060000,2.18653325
20171109051200,8066000,8137000,8137000,8065000,1.93216982
20171109051300,8137000,8083000,8137000,8080000,1.97340159
20171109051400,8107000,8103000,8107000,8079000,1.99919263
20171109051500,8106000,8129000,8129000,8080000,3.50640706
20171109051600,8129000,8124000,8129000,8090000,2.47008931
20171109051700,8092000,8092000,8092000,8090000,1.40998056
20171109051800,8114000,8124000,8124000,8093000,3.38544689
20171109051900,8093000,8117000,8120000,8093000,0.84446133
20171109052000,8093000,8114000,8116000,8093000,1.29723755
20171109052100,8114000,8095000,8114000,8094000,1.58063064
20171109052200,8095000,8111000,8113000,8095000,0.80835452
20171109052300,8111000,8112000,8113000,8090000,2.42729822
20171109052400,8111000,8110000,8111000,8109000,1.10515101
20171109052500,8110000,8108000,8110000,8093000,1.02086544
20171109052600,8101000,8102000,8108000,8100000,1.1719313
20171109052700,8102000,8102000,8103000,8102000,0.8435280999999999
20171109052800,8103000,8103000,8108000,8102000,1.48841224
20171109052900,8104000,8105000,8107000,8104000,0.98910854
20171109053000,8106000,8118000,8124000,8106000,2.45360324
20171109053100,8124000,8144000,8144000,8118000,1.31799321
20171109053200,8143000,8144000,8144000,8129000,1.59293855
20171109053300,8144000,8129000,8144000,8129000,3.1008438
20171109053400,8129000,8126000,8144000,8110000,1.22578431
20171109053500,8126000,8145000,8145000,8126000,3.777506
20171109053600,8130000,8145000,8171000,8130000,2.10115497
20171109053700,8145000,8145000,8145000,8141000,4.01651189
20171109053800,8145000,8171000,8171000,8145000,2.30588592
20171109053900,8166000,8189000,8189000,8166000,1.14181783
20171109054000,8190000,8249000,8250000,8189000,2.60549615
20171109054100,8203000,8245000,8249000,8202000,2.3672206
20171109054200,8244000,8200000,8244000,8200000,3.57751
20171109054300,8218000,8181000,8218000,8180000,1.42560281
20171109054400,8189000,8181000,8190000,8181000,1.67892163
20171109054500,8182000,8188000,8190000,8170000,1.55881147
20171109054600,8174000,8166000,8174000,8166000,1.10239961
20171109054700,8170000,8148000,8170000,8145000,2.24476317
20171109054800,8148000,8164000,8166000,8148000,0.74569
20171109054900,8165000,8153000,8165000,8152000,0.84854989
20171109055000,8160000,8159000,8160000,8153000,1.11601168
20171109055100,8155000,8155000,8158000,8154000,2.00117557
20171109055200,8155000,8164000,8164000,8155000,1.51574424
20171109055300,8164000,8156000,8165000,8152000,5.43713829
20171109055400,8157000,8156000,8157000,8156000,1.62308356
20171109055500,8156000,8152000,8156000,8151000,0.85788183
20171109055600,8152000,8150000,8152000,8150000,1.53381164
20171109055700,8151000,8128000,8151000,8128000,8.50860494
20171109055800,8129000,8149000,8149000,8129000,1.01135184
20171109055900,8148000,8149000,8150000,8129000,4.38093926
20171109060000,8150000,8150000,8151000,8149000,2.05683525
20171109060100,8150000,8151000,8152000,8149000,2.78969087
20171109060200,8152000,8150000,8152000,8149000,2.10054491
20171109060300,8150000,8153000,8167000,8149000,2.93787556
20171109060400,8152000,8152000,8153000,8150000,0.91416654
20171109060500,8152000,8152000,8153000,8151000,0.78636294
20171109060600,8152000,8152000,8152000,8152000,0.92176503
20171109060700,8164000,8167000,8167000,8154000,1.13281605
20171109060800,8189000,8165000,8190000,8164000,1.32195459
20171109060900,8165000,8165000,8165000,8153000,1.58868674
20171109061000,8189000,8168000,8189000,8167000,0.98686544
20171109061100,8188000,8185000,8188000,8185000,0.77145368
20171109061200,8167000,8181000,8181000,8167000,1.06408428
20171109061300,8168000,8175000,8179000,8167000,1.06685078
20171109061400,8174000,8173000,8178000,8172000,2.40363236
20171109061500,8173000,8173000,8174000,8172000,3.39963604
20171109061600,8172000,8172000,8173000,8172000,2.00804576
20171109061700,8173000,8173000,8173000,8172000,1.32556253
20171109061800,8173000,8172000,8186000,8172000,0.99650313
20171109061900,8171000,8199000,8199000,8171000,1.81709421
20171109062000,8186000,8199000,8199000,8186000,1.074022
20171109062100,8199000,8197000,8200000,8197000,1.14655025
20171109062200,8220000,8245000,8245000,8218000,1.45463577
20171109062300,8244000,8244000,8245000,8243000,1.28971491
20171109062400,8244000,8246000,8246000,8244000,1.00683888
20171109062500,8246000,8246000,8247000,8246000,1.08772073
20171109062600,8247000,8246000,8247000,8246000,1.76964194
20171109062700,8246000,8246000,8247000,8246000,1.31412274
20171109062800,8246000,8222000,8246000,8222000,1.48207713
20171109062900,8222000,8222000,8244000,8222000,1.45299906
20171109063000,8243000,8223000,8245000,8223000,0.636479
20171109063100,8224000,8225000,8244000,8224000,1.34637543
20171109063200,8223000,8220000,8223000,8220000,1.28925181
20171109063300,8219000,8222000,8222000,8219000,5.91499757
20171109063400,8222000,8221000,8222000,8221000,1.17768661
20171109063500,8221000,8220000,8222000,8220000,6.59253506
20171109063600,8220000,8221000,8221000,8220000,1.19514348
20171109063700,8220000,8221000,8242000,8220000,4.76783181
20171109063800,8220000,8221000,8221000,8220000,1.75306979
20171109063900,8220000,8241000,8241000,8220000,3.50059806
20171109064000,8221000,8219000,8241000,8219000,3.24879845
20171109064100,8218000,8219000,8219000,8218000,0.55004454
20171109064200,8203000,8219000,8219000,8203000,1.090658
20171109064300,8204000,8216000,8218000,8204000,1.12398707
20171109064400,8206000,8210000,8215000,8206000,1.00516651
20171109064500,8215000,8214000,8215000,8212000,0.61568138
20171109064600,8215000,8214000,8215000,8214000,2.55614138
20171109064700,8213000,8212000,8213000,8212000,1.20879104
20171109064800,8212000,8207000,8212000,8207000,1.02505911
20171109064900,8206000,8210000,8210000,8200000,2.67977164
20171109065000,8211000,8211000,8211000,8210000,3.183934
20171109065100,8211000,8211000,8211000,8211000,1.22390712
20171109065200,8210000,8212000,8212000,8210000,2.22391694
20171109065300,8210000,8211000,8211000,8200000,3.631617
20171109065400,8211000,8199000,8211000,8199000,1.64550328
20171109065500,8199000,8200000,8201000,8198000,1.1357434
20171109065600,8200000,8191000,8200000,8191000,1.12468365
20171109065700,8191000,8192000,8197000,8191000,3.91340406
20171109065800,8192000,8195000,8198000,8192000,1.00173056
20171109065900,8195000,8197000,8197000,8195000,1.11598349
20171109070000,8197000,8196000,8200000,8196000,1.29047504
20171109070100,8196000,8199000,8200000,8196000,1.1017629999999998
20171109070200,8199000,8198000,8199000,8197000,0.43802063
20171109070300,8199000,8219000,8219000,8199000,1.05111774
20171109070400,8202000,8218000,8219000,8202000,0.775947
20171109070500,8218000,8214000,8219000,8214000,1.97968317
20171109070600,8214000,8217000,8219000,8214000,2.1114156000000004
20171109070700,8219000,8220000,8220000,8216000,1.41635685
20171109070800,8220000,8241000,8242000,8220000,1.23857792
20171109070900,8241000,8241000,8241000,8223000,1.59936667
20171109071000,8242000,8241000,8247000,8241000,2.39021075
20171109071100,8242000,8226000,8242000,8226000,1.22417951
20171109071200,8225000,8225000,8225000,8225000,0.79251187
20171109071300,8225000,8226000,8227000,8225000,1.48560813
20171109071400,8243000,8243000,8243000,8226000,1.29997582
20171109071500,8240000,8241000,8241000,8240000,1.22802746
20171109071600,8242000,8240000,8247000,8239000,2.17532403
20171109071700,8239000,8237000,8239000,8237000,1.005613
20171109071800,8237000,8238000,8239000,8237000,1.88300297
20171109071900,8238000,8241000,8241000,8238000,1.04794519
20171109072000,8241000,8240000,8241000,8240000,2.89299467
20171109072100,8239000,8239000,8239000,8238000,2.04553536
20171109072200,8239000,8229000,8239000,8229000,1.47231064
20171109072300,8238000,8230000,8238000,8229000,1.27807828
20171109072400,8232000,8236000,8238000,8230000,1.58812218
20171109072500,8236000,8237000,8237000,8236000,1.38766893
20171109072600,8237000,8237000,8238000,8236000,2.81813727
20171109072700,8238000,8238000,8238000,8237000,1.86748032
20171109072800,8238000,8244000,8246000,8238000,1.44323574
20171109072900,8243000,8244000,8244000,8243000,0.71044162
20171109073000,8243000,8244000,8244000,8243000,0.73088905
20171109073100,8244000,8243000,8244000,8243000,1.25107833
20171109073200,8244000,8240000,8244000,8239000,1.40896305
20171109073300,8243000,8242000,8243000,8230000,1.77771524
20171109073400,8233000,8234000,8242000,8232000,0.93324867
20171109073500,8233000,8239000,8239000,8233000,0.9857796999999998
20171109073600,8239000,8237000,8239000,8237000,0.770267
20171109073700,8237000,8239000,8239000,8236000,0.7463493
20171109073800,8239000,8242000,8243000,8239000,1.11083588
20171109073900,8243000,8240000,8243000,8240000,1.2357858999999998
20171109074000,8241000,8242000,8242000,8240000,1.30142919
20171109074100,8243000,8244000,8280000,8242000,3.13356924
20171109074200,8278000,8275000,8278000,8244000,0.43772527
20171109074300,8272000,8276000,8277000,8269000,1.72678831
20171109074400,8275000,8273000,8276000,8250000,3.3110911
20171109074500,8256000,8274000,8285000,8255000,1.49923756
20171109074600,8274000,8300000,8300000,8256000,4.7779905
20171109074700,8309000,8301000,8309000,8300000,0.9977368
20171109074800,8301000,8310000,8310000,8301000,0.79388702
20171109074900,8310000,8321000,8325000,8310000,1.39807136
20171109075000,8320000,8325000,8329000,8320000,4.10967126
20171109075100,8325000,8327000,8327000,8325000,4.24979485
20171109075200,8328000,8329000,8329000,8327000,1.64284333
20171109075300,8329000,8327000,8330000,8327000,4.87273699
20171109075400,8328000,8330000,8330000,8327000,3.3926798
20171109075500,8330000,8329000,8330000,8328000,1.41876943
20171109075600,8329000,8330000,8330000,8329000,1.5046539
20171109075700,8338000,8340000,8340000,8338000,0.81941797
20171109075800,8340000,8339000,8340000,8339000,1.70659091
20171109075900,8340000,8339000,8340000,8330000,2.44071144
20171109080000,8331000,8331000,8338000,8330000,0.70571439
20171109080100,8330000,8334000,8335000,8325000,2.25751486
20171109080200,8334000,8331000,8335000,8330000,2.62621291
20171109080300,8332000,8326000,8332000,8325000,2.44779781
20171109080400,8326000,8329000,8330000,8325000,2.02731922
20171109080500,8329000,8328000,8329000,8325000,2.67364483
20171109080600,8328000,8310000,8328000,8301000,2.92193276
20171109080700,8310000,8288000,8310000,8288000,2.66158237
20171109080800,8289000,8288000,8289000,8280000,2.1021492000000004
20171109080900,8283000,8271000,8288000,8271000,2.00836
20171109081000,8270000,8270000,8271000,8260000,1.20926267
20171109081100,8255000,8270000,8270000,8255000,1.01772958
20171109081200,8270000,8280000,8281000,8270000,0.64481709
20171109081300,8280000,8280000,8281000,8274000,0.93256833
20171109081400,8281000,8288000,8288000,8280000,2.02807675
20171109081500,8300000,8313000,8325000,8285000,2.13327997
20171109081600,8313000,8328000,8328000,8312000,3.24157951
20171109081700,8327000,8325000,8327000,8314000,0.92378697
20171109081800,8323000,8322000,8323000,8314000,3.19019956
20171109081900,8320000,8322000,8322000,8300000,4.00881552
20171109082000,8322000,8323000,8323000,8321000,1.42754851
20171109082100,8323000,8324000,8330000,8323000,1.7954238
20171109082200,8324000,8322000,8324000,8321000,1.18736153
20171109082300,8321000,8320000,8322000,8320000,0.96475505
20171109082400,8320000,8301000,8320000,8301000,1.19780133
20171109082500,8316000,8322000,8322000,8307000,1.07946686
20171109082600,8311000,8303000,8322000,8300000,3.44319045
20171109082700,8321000,8320000,8321000,8303000,1.11180514
20171109082800,8310000,8322000,8322000,8310000,1.48817884
20171109082900,8322000,8323000,8323000,8322000,2.38761908
20171109083000,8324000,8330000,8330000,8324000,1.13232001
20171109083100,8330000,8342000,8343000,8330000,1.77711916
20171109083200,8342000,8340000,8346000,8340000,0.83305145
20171109083300,8338000,8330000,8338000,8330000,1.47020957
20171109083400,8331000,8339000,8339000,8331000,1.13429769
20171109083500,8332000,8338000,8340000,8332000,1.82373726
20171109083600,8332000,8336000,8338000,8332000,1.01893311
20171109083700,8335000,8340000,8340000,8334000,1.02295981
20171109083800,8340000,8339000,8340000,8339000,1.80640029
20171109083900,8340000,8340000,8340000,8339000,1.49129445
20171109084000,8340000,8341000,8342000,8340000,2.07445613
20171109084100,8342000,8342000,8342000,8340000,0.78196959
20171109084200,8342000,8342000,8342000,8342000,0.79536424
20171109084300,8342000,8344000,8344000,8341000,1.7030060000000002
20171109084400,8344000,8335000,8345000,8334000,1.10554955
20171109084500,8334000,8336000,8336000,8334000,0.5452306
20171109084600,8337000,8342000,8342000,8337000,0.75180773
20171109084700,8342000,8341000,8342000,8341000,0.89685883
20171109084800,8341000,8342000,8342000,8341000,1.19004025
20171109084900,8342000,8344000,8345000,8342000,0.95171111
20171109085000,8344000,8348000,8348000,8344000,0.97883472
20171109085100,8348000,8348000,8349000,8347000,1.79654227
20171109085200,8348000,8342000,8349000,8342000,2.78532789
20171109085300,8342000,8343000,8343000,8342000,1.11593971
20171109085400,8343000,8342000,8343000,8341000,2.11398161
20171109085500,8341000,8340000,8341000,8340000,1.58003232
20171109085600,8341000,8343000,8346000,8341000,1.07915178
20171109085700,8343000,8345000,8346000,8340000,5.51268462
20171109085800,8340000,8339000,8346000,8336000,1.82478333
20171109085900,8339000,8339000,8339000,8338000,0.90369741
20171109090000,8338000,8340000,8340000,8338000,2.42478031
20171109090100,8339000,8339000,8340000,8339000,0.88438223
20171109090200,8339000,8330000,8339000,8330000,3.28785466
20171109090300,8330000,8331000,8331000,8330000,0.59936075
20171109090400,8330000,8325000,8331000,8325000,1.61721014
20171109090500,8325000,8301000,8325000,8301000,3.85329049
20171109090600,8310000,8271000,8310000,8250000,1.86992558
20171109090700,8271000,8280000,8280000,8243000,1.9107713
20171109090800,8278000,8244000,8280000,8243000,1.99540621
20171109090900,8244000,8244000,8244000,8243000,2.44840319
20171109091000,8243000,8237000,8243000,8236000,5.04900674
20171109091100,8237000,8191000,8237000,8191000,7.92260611
20171109091200,8190000,8167000,8191000,8117000,9.80174658
20171109091300,8119000,8119000,8119000,8114000,6.9704741
20171109091400,8119000,8180000,8180000,8101000,14.93816236
20171109091500,8119000,8181000,8181000,8119000,0.88261182
20171109091600,8181000,8249000,8278000,8181000,2.36842073
20171109091700,8199000,8250000,8259000,8199000,2.72917075
20171109091800,8250000,8259000,8259000,8249000,1.10091801
20171109091900,8259000,8273000,8309000,8259000,3.99105378
20171109092000,8309000,8309000,8310000,8300000,2.58602118
20171109092100,8308000,8307000,8309000,8300000,2.07767242
20171109092200,8306000,8305000,8306000,8305000,1.61260884
20171109092300,8305000,8305000,8305000,8304000,0.934868
20171109092400,8305000,8305000,8306000,8305000,1.1229669
20171109092500,8305000,8306000,8306000,8305000,1.39102642
20171109092600,8306000,8318000,8320000,8306000,1.38048237
20171109092700,8318000,8324000,8324000,8318000,2.02401692
20171109092800,8324000,8325000,8327000,8321000,3.25887981
20171109092900,8325000,8326000,8326000,8321000,2.7351775000000003
20171109093000,8326000,8321000,8327000,8321000,3.94462491
20171109093100,8322000,8326000,8327000,8321000,4.10447891
20171109093200,8326000,8326000,8327000,8321000,2.05056185
20171109093300,8326000,8326000,8327000,8322000,1.7655712
20171109093400,8323000,8322000,8326000,8321000,3.86383114
20171109093500,8322000,8321000,8326000,8305000,12.4171148
20171109093600,8321000,8319000,8321000,8306000,0.614344
20171109093700,8307000,8302000,8318000,8302000,3.05475639
20171109093800,8305000,8304000,8305000,8304000,1.01693263
20171109093900,8305000,8304000,8305000,8304000,1.01907969
20171109094000,8304000,8260000,8304000,8260000,1.5147995
20171109094100,8281000,8280000,8281000,8280000,0.66939595
20171109094200,8280000,8260000,8280000,8260000,1.05083205
20171109094300,8259000,8250000,8259000,8231000,1.9687234
20171109094400,8250000,8233000,8250000,8231000,1.02433302
20171109094500,8250000,8250000,8250000,8234000,0.8339564
20171109094600,8238000,8256000,8279000,8238000,1.29994932
20171109094700,8250000,8255000,8279000,8250000,2.11055328
20171109094800,8251000,8250000,8251000,8250000,1.52928535
20171109094900,8250000,8250000,8251000,8250000,1.71530483
20171109095000,8250000,8250000,8251000,8248000,1.76638415
20171109095100,8250000,8250000,8250000,8250000,0.98133129
20171109095200,8250000,8251000,8251000,8248000,1.27854173
20171109095300,8250000,8250000,8251000,8248000,1.82691826
20171109095400,8249000,8250000,8250000,8249000,0.61653255
20171109095500,8250000,8250000,8251000,8250000,3.64914067
20171109095600,8251000,8251000,8251000,8250000,2.58226862
20171109095700,8254000,8256000,8279000,8254000,1.43353979
20171109095800,8256000,8270000,8279000,8256000,1.11824966
20171109095900,8270000,8261000,8270000,8259000,1.12468427
20171109100000,8260000,8265000,8269000,8260000,0.60750883
20171109100100,8266000,8279000,8279000,8266000,2.58567587
20171109100200,8279000,8278000,8279000,8267000,1.23335905
20171109100300,8278000,8279000,8279000,8277000,2.78555872
20171109100400,8279000,8278000,8279000,8266000,1.19447354
20171109100500,8279000,8297000,8299000,8267000,2.31689269
20171109100600,8298000,8268000,8298000,8268000,1.45781215
20171109100700,8295000,8295000,8296000,8295000,1.66129894
20171109100800,8295000,8270000,8295000,8270000,0.88106461
20171109100900,8271000,8268000,8271000,8268000,2.89041907
20171109101000,8269000,8271000,8271000,8268000,1.33734337
20171109101100,8271000,8270000,8271000,8270000,2.10376991
20171109101200,8270000,8269000,8270000,8269000,0.8780292
20171109101300,8269000,8270000,8270000,8268000,1.22732325
20171109101400,8269000,8268000,8271000,8267000,3.06382949
20171109101500,8270000,8266000,8270000,8266000,1.60052538
20171109101600,8266000,8265000,8266000,8265000,0.63526199
20171109101700,8266000,8260000,8266000,8259000,0.93406706
20171109101800,8260000,8257000,8261000,8257000,1.14629372
20171109101900,8255000,8260000,8261000,8251000,1.92748011
20171109102000,8260000,8258000,8260000,8252000,1.71450054
20171109102100,8258000,8261000,8261000,8258000,1.58861412
20171109102200,8260000,8260000,8261000,8259000,0.98412819
20171109102300,8261000,8258000,8261000,8250000,2.59952596
20171109102400,8258000,8250000,8258000,8250000,1.78325249
20171109102500,8250000,8252000,8256000,8250000,2.50646909
20171109102600,8255000,8250000,8255000,8249000,2.22476997
20171109102700,8250000,8240000,8255000,8240000,2.31269199
20171109102800,8240000,8230000,8240000,8230000,1.96174927
20171109102900,8230000,8226000,8230000,8220000,1.28300604
20171109103000,8226000,8210000,8226000,8210000,2.98413508
20171109103100,8213000,8214000,8220000,8213000,1.006099
20171109103200,8219000,8215000,8219000,8210000,1.68043329
20171109103300,8215000,8215000,8215000,8212000,1.79920571
20171109103400,8214000,8213000,8215000,8212000,1.10872012
20171109103500,8214000,8215000,8215000,8214000,0.68955227
20171109103600,8215000,8215000,8215000,8214000,3.71094866
20171109103700,8220000,8221000,8240000,8219000,1.24374493
20171109103800,8221000,8238000,8240000,8221000,1.2190786
20171109103900,8240000,8237000,8240000,8237000,0.70879185
20171109104000,8237000,8250000,8250000,8225000,3.09113295
20171109104100,8249000,8250000,8250000,8242000,0.8540399999999999
20171109104200,8250000,8244000,8250000,8242000,0.90312293
20171109104300,8250000,8251000,8260000,8249000,2.02010548
20171109104400,8252000,8260000,8260000,8251000,2.04537432
20171109104500,8260000,8260000,8260000,8250000,2.25632253
20171109104600,8260000,8260000,8260000,8252000,3.75476755
20171109104700,8260000,8264000,8264000,8260000,1.47569232
20171109104800,8264000,8270000,8270000,8263000,1.02255528
20171109104900,8269000,8270000,8270000,8264000,1.98600221
20171109105000,8270000,8293000,8293000,8270000,2.68813798
20171109105100,8293000,8293000,8293000,8271000,1.71323756
20171109105200,8293000,8292000,8293000,8271000,2.17595077
20171109105300,8291000,8295000,8295000,8271000,1.77511583
20171109105400,8294000,8295000,8295000,8294000,1.30649184
20171109105500,8295000,8294000,8295000,8292000,2.83852101
20171109105600,8292000,8291000,8293000,8250000,2.22650034
20171109105700,8291000,8292000,8293000,8252000,2.10116472
20171109105800,8293000,8299000,8300000,8293000,1.35178471
20171109105900,8294000,8305000,8305000,8294000,2.19564116
20171109110000,8309000,8308000,8309000,8300000,2.31542616
20171109110100,8304000,8303000,8304000,8295000,0.87354598
20171109110200,8295000,8293000,8295000,8293000,1.01734183
20171109110300,8294000,8293000,8294000,8292000,0.71611109
20171109110400,8293000,8294000,8294000,8292000,1.34191779
20171109110500,8294000,8296000,8303000,8294000,0.69727106
20171109110600,8303000,8296000,8303000,8296000,0.597567
20171109110700,8296000,8299000,8300000,8296000,0.97002981
20171109110800,8299000,8299000,8299000,8297000,1.7166131000000002
20171109110900,8299000,8301000,8301000,8299000,1.66599461
20171109111000,8301000,8302000,8302000,8301000,0.80464754
20171109111100,8303000,8308000,8309000,8302000,1.85426805
20171109111200,8302000,8309000,8309000,8302000,1.18367095
20171109111300,8309000,8309000,8309000,8307000,0.751941
20171109111400,8309000,8310000,8310000,8304000,1.9837052
20171109111500,8309000,8305000,8309000,8304000,1.70258212
20171109111600,8306000,8308000,8308000,8306000,1.10292824
20171109111700,8308000,8309000,8309000,8308000,1.01431828
20171109111800,8309000,8308000,8310000,8308000,1.902642
20171109111900,8308000,8310000,8310000,8308000,1.353079
20171109112000,8310000,8311000,8311000,8309000,0.94926854
20171109112100,8311000,8315000,8316000,8308000,3.19765077
20171109112200,8315000,8310000,8316000,8310000,1.4627295
20171109112300,8309000,8309000,8316000,8308000,1.6895736
20171109112400,8309000,8309000,8310000,8308000,1.80389426
20171109112500,8310000,8310000,8316000,8310000,0.80971614
20171109112600,8309000,8317000,8317000,8309000,2.96673686
20171109112700,8317000,8319000,8323000,8310000,2.11705476
20171109112800,8323000,8324000,8324000,8319000,1.47295708
20171109112900,8324000,8322000,8324000,8322000,1.68942769
20171109113000,8322000,8324000,8325000,8322000,0.79787747
20171109113100,8323000,8330000,8338000,8323000,3.767242
20171109113200,8329000,8329000,8338000,8329000,1.14597803
20171109113300,8329000,8338000,8338000,8325000,1.7706166
20171109113400,8338000,8331000,8338000,8326000,1.01868203
20171109113500,8331000,8332000,8332000,8328000,0.81604273
20171109113600,8332000,8331000,8332000,8331000,2.43216039
20171109113700,8330000,8331000,8331000,8330000,0.64203753
20171109113800,8331000,8331000,8331000,8331000,0.88723067
20171109113900,8330000,8329000,8331000,8325000,4.28870357
20171109114000,8329000,8330000,8331000,8329000,0.98586526
20171109114100,8325000,8320000,8331000,8320000,6.83469928
20171109114200,8330000,8316000,8330000,8315000,2.08667322
20171109114300,8316000,8316000,8320000,8315000,1.6263627
20171109114400,8317000,8308000,8320000,8308000,2.23700594
20171109114500,8316000,8307000,8316000,8306000,0.99731109
20171109114600,8306000,8301000,8307000,8301000,1.77361934
20171109114700,8301000,8301000,8302000,8300000,2.00323533
20171109114800,8301000,8302000,8302000,8300000,1.22774137
20171109114900,8302000,8306000,8307000,8301000,0.80055182
20171109115000,8305000,8302000,8306000,8302000,1.09997666
20171109115100,8302000,8305000,8306000,8302000,1.07297856
20171109115200,8304000,8302000,8304000,8300000,0.98190735
20171109115300,8300000,8302000,8302000,8300000,1.10100557
20171109115400,8302000,8307000,8307000,8301000,0.93655098
20171109115500,8303000,8305000,8306000,8303000,1.33535943
20171109115600,8305000,8300000,8306000,8299000,1.62189182
20171109115700,8305000,8306000,8307000,8305000,0.78797386
20171109115800,8306000,8307000,8307000,8306000,0.85553957
20171109115900,8307000,8307000,8307000,8301000,1.55988017
20171109120000,8302000,8303000,8307000,8302000,1.22960826
20171109120100,8306000,8305000,8307000,8305000,1.18998982
20171109120200,8305000,8306000,8306000,8305000,1.74768836
20171109120300,8306000,8306000,8307000,8305000,1.07097958
20171109120400,8305000,8304000,8306000,8304000,2.29086899
20171109120500,8302000,8305000,8305000,8302000,2.4893652000000004
20171109120600,8305000,8304000,8305000,8304000,1.79882198
20171109120700,8304000,8305000,8305000,8301000,1.27912054
20171109120800,8305000,8303000,8316000,8303000,1.46151985
20171109120900,8316000,8319000,8320000,8316000,2.8305075
20171109121000,8317000,8328000,8328000,8316000,2.62496717
20171109121100,8328000,8311000,8328000,8311000,1.3966951
20171109121200,8311000,8312000,8319000,8311000,0.79141545
20171109121300,8316000,8318000,8318000,8312000,1.18756377
20171109121400,8316000,8313000,8317000,8313000,1.06372749
20171109121500,8312000,8302000,8316000,8302000,0.88347947
20171109121600,8303000,8313000,8313000,8303000,1.11138498
20171109121700,8312000,8316000,8316000,8306000,0.7941338000000001
20171109121800,8316000,8318000,8318000,8311000,0.84067662
20171109121900,8314000,8314000,8318000,8314000,1.33157045
20171109122000,8315000,8315000,8315000,8313000,1.73993282
20171109122100,8318000,8317000,8319000,8316000,0.56999511
20171109122200,8317000,8320000,8320000,8317000,0.84315072
20171109122300,8317000,8319000,8319000,8317000,1.51415915
20171109122400,8318000,8318000,8319000,8318000,0.95749098
20171109122500,8319000,8319000,8319000,8318000,1.11057533
20171109122600,8318000,8316000,8319000,8316000,1.91240443
20171109122700,8316000,8316000,8316000,8315000,1.16535873
20171109122800,8318000,8318000,8319000,8318000,0.643679
20171109122900,8317000,8318000,8318000,8317000,0.7837850000000001
20171109123000,8318000,8317000,8319000,8315000,1.28443359
20171109123100,8316000,8318000,8318000,8315000,1.6254485
20171109123200,8318000,8318000,8318000,8317000,1.3224406000000002
20171109123300,8318000,8317000,8320000,8317000,0.78239024
20171109123400,8317000,8317000,8318000,8316000,1.28579523
20171109123500,8317000,8317000,8317000,8315000,2.14236863
20171109123600,8316000,8315000,8317000,8315000,2.03830399
20171109123700,8317000,8317000,8317000,8316000,1.60773833
20171109123800,8317000,8315000,8317000,8315000,4.14263762
20171109123900,8317000,8317000,8317000,8316000,1.16406165
20171109124000,8317000,8316000,8317000,8316000,0.8036345
20171109124100,8316000,8316000,8317000,8316000,1.04424426
20171109124200,8317000,8317000,8317000,8316000,1.424382
20171109124300,8317000,8323000,8323000,8315000,2.55411541
20171109124400,8317000,8316000,8326000,8315000,1.70246842
20171109124500,8316000,8323000,8324000,8316000,0.83005616
20171109124600,8318000,8318000,8323000,8318000,0.8296399999999999
20171109124700,8322000,8317000,8323000,8316000,1.35609294
20171109124800,8317000,8317000,8322000,8317000,0.82858699
20171109124900,8318000,8320000,8322000,8317000,0.73393558
20171109125000,8320000,8323000,8324000,8318000,3.41380211
20171109125100,8318000,8322000,8323000,8316000,1.8777884
20171109125200,8322000,8318000,8323000,8318000,3.81837389
20171109125300,8318000,8321000,8323000,8318000,1.23752335
20171109125400,8321000,8321000,8322000,8321000,1.02402773
20171109125500,8321000,8316000,8321000,8315000,3.95331487
20171109125600,8317000,8316000,8317000,8315000,2.58539138
20171109125700,8316000,8316000,8316000,8315000,3.33762506
20171109125800,8316000,8316000,8316000,8316000,0.75543305
20171109125900,8316000,8313000,8318000,8312000,4.3778063
20171109130000,8312000,8311000,8313000,8311000,0.83568363
20171109130100,8311000,8311000,8312000,8311000,0.67787406
20171109130200,8311000,8302000,8312000,8302000,1.71184953
20171109130300,8302000,8302000,8302000,8301000,1.36723233
20171109130400,8302000,8310000,8310000,8302000,0.92643405
20171109130500,8304000,8307000,8310000,8304000,0.79694656
20171109130600,8307000,8300000,8307000,8300000,3.60667018
20171109130700,8306000,8306000,8307000,8302000,0.86546621
20171109130800,8305000,8308000,8310000,8305000,2.09906038
20171109130900,8309000,8308000,8309000,8300000,2.73048394
20171109131000,8308000,8302000,8309000,8300000,0.93444919
20171109131100,8309000,8304000,8309000,8303000,0.81293996
20171109131200,8309000,8307000,8309000,8304000,0.9334177
20171109131300,8307000,8310000,8310000,8300000,4.81547552
20171109131400,8302000,8303000,8310000,8302000,0.89190268
20171109131500,8304000,8302000,8310000,8300000,2.15290318
20171109131600,8302000,8300000,8303000,8300000,2.14152131
20171109131700,8300000,8297000,8302000,8295000,1.75448249
20171109131800,8297000,8297000,8297000,8296000,1.05302781
20171109131900,8297000,8298000,8300000,8296000,1.14924389
20171109132000,8298000,8298000,8298000,8297000,0.62450106
20171109132100,8301000,8297000,8302000,8297000,0.92359964
20171109132200,8297000,8297000,8302000,8296000,1.64051613
20171109132300,8296000,8290000,8296000,8290000,1.04736694
20171109132400,8290000,8291000,8292000,8290000,0.85371488
20171109132500,8291000,8277000,8291000,8271000,1.66996463
20171109132600,8277000,8277000,8277000,8268000,1.9226277
20171109132700,8270000,8275000,8277000,8270000,0.86376769
20171109132800,8275000,8275000,8275000,8272000,0.95327955
20171109132900,8272000,8274000,8274000,8269000,1.0676156
20171109133000,8270000,8271000,8274000,8268000,3.36045822
20171109133100,8273000,8269000,8273000,8269000,1.53184392
20171109133200,8270000,8273000,8274000,8269000,1.8865768
20171109133300,8272000,8274000,8274000,8268000,2.56812139
20171109133400,8274000,8273000,8274000,8273000,0.81959889
20171109133500,8271000,8272000,8273000,8262000,1.52521412
20171109133600,8272000,8272000,8272000,8271000,1.13701128
20171109133700,8271000,8270000,8273000,8269000,2.00431475
20171109133800,8271000,8271000,8271000,8271000,1.10331794
20171109133900,8271000,8274000,8275000,8271000,2.62622693
20171109134000,8275000,8290000,8290000,8275000,1.63035343
20171109134100,8290000,8290000,8290000,8289000,2.00259718
20171109134200,8290000,8289000,8290000,8289000,1.62742164
20171109134300,8288000,8275000,8289000,8275000,1.75203435
20171109134400,8274000,8274000,8275000,8274000,1.17102213
20171109134500,8274000,8275000,8275000,8274000,1.95127337
20171109134600,8274000,8274000,8275000,8274000,1.07090277
20171109134700,8274000,8274000,8275000,8274000,1.03362881
20171109134800,8274000,8275000,8275000,8273000,1.18049277
20171109134900,8275000,8273000,8275000,8273000,1.73242879
20171109135000,8274000,8271000,8285000,8271000,1.38001883
20171109135100,8273000,8285000,8285000,8273000,1.23768504
20171109135200,8276000,8284000,8284000,8276000,1.20846383
20171109135300,8283000,8275000,8283000,8274000,1.12570469
20171109135400,8275000,8274000,8284000,8271000,1.27728763
20171109135500,8274000,8274000,8275000,8273000,1.18262922
20171109135600,8274000,8273000,8274000,8271000,1.80414795
20171109135700,8274000,8274000,8274000,8271000,0.82767017
20171109135800,8274000,8274000,8274000,8273000,1.15758458
20171109135900,8274000,8270000,8274000,8270000,1.54021361
20171109140000,8270000,8271000,8271000,8269000,2.93245802
20171109140100,8271000,8271000,8271000,8269000,1.39907306
20171109140200,8271000,8270000,8271000,8270000,0.99272473
20171109140300,8270000,8270000,8271000,8267000,1.13672783
20171109140400,8270000,8268000,8271000,8268000,1.22076948
20171109140500,8269000,8271000,8271000,8267000,1.48024247
20171109140600,8268000,8271000,8271000,8265000,2.41219595
20171109140700,8269000,8270000,8270000,8269000,1.10717719
20171109140800,8269000,8270000,8270000,8269000,0.41949224
20171109140900,8270000,8268000,8270000,8268000,3.38488515
20171109141000,8269000,8270000,8271000,8269000,0.88864892
20171109141100,8271000,8272000,8274000,8271000,1.10849995
20171109141200,8274000,8271000,8274000,8271000,0.91223215
20171109141300,8271000,8271000,8271000,8271000,1.25262392
20171109141400,8271000,8271000,8272000,8271000,0.70724186
20171109141500,8271000,8273000,8273000,8271000,2.1008441
20171109141600,8273000,8274000,8274000,8273000,1.62548847
20171109141700,8274000,8281000,8281000,8274000,0.71715982
20171109141800,8281000,8285000,8285000,8276000,2.35368806
20171109141900,8286000,8276000,8287000,8275000,3.17577342
20171109142000,8286000,8287000,8287000,8285000,0.76175335
20171109142100,8287000,8298000,8299000,8287000,0.82108128
20171109142200,8288000,8296000,8298000,8288000,0.75193095
20171109142300,8289000,8290000,8296000,8289000,0.64500592
20171109142400,8296000,8291000,8296000,8290000,1.69555733
20171109142500,8296000,8291000,8296000,8291000,0.81316258
20171109142600,8292000,8293000,8296000,8292000,2.85758883
20171109142700,8293000,8296000,8296000,8293000,1.1517435
20171109142800,8293000,8295000,8295000,8293000,1.50920633
20171109142900,8296000,8299000,8299000,8296000,2.36036435
20171109143000,8297000,8298000,8300000,8297000,1.53498859
20171109143100,8298000,8299000,8300000,8298000,1.72773062
20171109143200,8299000,8299000,8299000,8298000,1.022602
20171109143300,8299000,8299000,8299000,8298000,0.92084391
20171109143400,8299000,8300000,8300000,8299000,1.22858269
20171109143500,8300000,8301000,8302000,8300000,2.50825414
20171109143600,8301000,8302000,8302000,8301000,1.79622332
20171109143700,8307000,8306000,8307000,8300000,4.43058667
20171109143800,8306000,8300000,8306000,8299000,1.55467737
20171109143900,8300000,8300000,8300000,8299000,1.5516166
20171109144000,8301000,8302000,8306000,8301000,0.79161299
20171109144100,8302000,8305000,8306000,8301000,0.96589417
20171109144200,8303000,8304000,8304000,8303000,1.29059278
20171109144300,8303000,8303000,8304000,8303000,0.86907156
20171109144400,8303000,8301000,8303000,8301000,1.25038984
20171109144500,8302000,8301000,8302000,8300000,1.2624881
20171109144600,8302000,8301000,8302000,8300000,3.04287148
20171109144700,8301000,8302000,8302000,8300000,1.47856567
20171109144800,8301000,8301000,8301000,8301000,0.986867
20171109144900,8301000,8300000,8302000,8300000,0.88980188
20171109145000,8300000,8300000,8300000,8300000,0.77009008
20171109145100,8300000,8299000,8300000,8299000,1.52393719
20171109145200,8300000,8299000,8302000,8299000,3.77895754
20171109145300,8299000,8297000,8299000,8290000,1.97953657
20171109145400,8291000,8289000,8291000,8287000,0.981002
20171109145500,8287000,8280000,8287000,8280000,1.51980021
20171109145600,8279000,8296000,8296000,8279000,1.38655761
20171109145700,8296000,8296000,8298000,8295000,0.89786875
20171109145800,8296000,8295000,8296000,8295000,0.75888802
20171109145900,8296000,8295000,8296000,8295000,0.82791278
20171109150000,8295000,8293000,8295000,8282000,1.30143437
20171109150100,8293000,8282000,8295000,8282000,1.69697319
20171109150200,8281000,8294000,8294000,8281000,1.57729326
20171109150300,8292000,8292000,8292000,8290000,1.022352
20171109150400,8283000,8292000,8293000,8283000,2.10896556
20171109150500,8283000,8292000,8295000,8283000,1.82480992
20171109150600,8292000,8295000,8298000,8292000,1.36949561
20171109150700,8295000,8283000,8295000,8283000,1.11020662
20171109150800,8284000,8283000,8284000,8283000,1.19276595
20171109150900,8283000,8294000,8295000,8282000,1.32189558
20171109151000,8283000,8284000,8294000,8283000,0.950573
20171109151100,8283000,8286000,8286000,8283000,1.00500417
20171109151200,8286000,8287000,8293000,8285000,2.2513262000000003
20171109151300,8293000,8294000,8294000,8293000,2.06123422
20171109151400,8297000,8293000,8298000,8293000,0.87598511
20171109151500,8292000,8298000,8298000,8288000,1.03416621
20171109151600,8297000,8298000,8299000,8295000,2.4443851000000003
20171109151700,8298000,8297000,8299000,8295000,2.52669752
20171109151800,8297000,8295000,8297000,8286000,2.97876938
20171109151900,8295000,8288000,8295000,8286000,2.32290521
20171109152000,8288000,8286000,8297000,8286000,1.41951884
20171109152100,8287000,8286000,8287000,8286000,1.57128968
20171109152200,8285000,8286000,8286000,8285000,1.11415956
20171109152300,8287000,8286000,8288000,8286000,1.28640778
20171109152400,8286000,8287000,8288000,8285000,1.66700226
20171109152500,8286000,8286000,8288000,8286000,0.75037521
20171109152600,8288000,8289000,8290000,8288000,1.31205642
20171109152700,8289000,8289000,8289000,8288000,1.3704611
20171109152800,8288000,8289000,8289000,8288000,0.4327718
20171109152900,8289000,8286000,8289000,8285000,0.94225511
20171109153000,8288000,8288000,8288000,8286000,0.9890961
20171109153100,8287000,8288000,8297000,8287000,1.98853929
20171109153200,8288000,8286000,8297000,8286000,0.829945
20171109153300,8297000,8289000,8297000,8287000,2.40911948
20171109153400,8289000,8297000,8297000,8289000,0.67781125
20171109153500,8291000,8295000,8297000,8290000,1.72456541
20171109153600,8292000,8297000,8297000,8292000,3.77066967
20171109153700,8295000,8297000,8297000,8294000,2.18499909
20171109153800,8293000,8296000,8297000,8292000,1.28172224
20171109153900,8296000,8294000,8296000,8290000,1.53956228
20171109154000,8296000,8293000,8296000,8293000,1.1662259
20171109154100,8293000,8294000,8294000,8291000,3.64193605
20171109154200,8294000,8291000,8294000,8291000,0.65689557
20171109154300,8291000,8294000,8294000,8291000,1.34513887
20171109154400,8292000,8291000,8292000,8290000,1.00442258
20171109154500,8291000,8291000,8291000,8291000,0.79290727
20171109154600,8291000,8291000,8291000,8290000,1.10357219
20171109154700,8291000,8293000,8293000,8290000,1.97594975
20171109154800,8294000,8292000,8294000,8292000,0.923369
20171109154900,8293000,8292000,8293000,8291000,1.64115533
20171109155000,8292000,8293000,8293000,8292000,1.07740934
20171109155100,8293000,8292000,8293000,8292000,1.04341439
20171109155200,8293000,8293000,8293000,8290000,1.90764153
20171109155300,8292000,8293000,8293000,8291000,0.57256571
20171109155400,8292000,8294000,8294000,8292000,1.41213603
20171109155500,8294000,8298000,8298000,8293000,2.49454712
20171109155600,8298000,8298000,8299000,8297000,2.59450795
20171109155700,8299000,8299000,8299000,8299000,0.45941999
20171109155800,8298000,8299000,8299000,8298000,1.71096592
20171109155900,8299000,8298000,8299000,8297000,1.73483515
20171109160000,8298000,8298000,8298000,8298000,1.09465034
20171109160100,8299000,8299000,8299000,8298000,1.56496232
20171109160200,8299000,8298000,8299000,8298000,1.95111437
20171109160300,8298000,8298000,8299000,8297000,0.72649562
20171109160400,8298000,8299000,8299000,8298000,0.89193019
20171109160500,8299000,8300000,8300000,8299000,1.32754864
20171109160600,8299000,8297000,8300000,8297000,5.10295381
20171109160700,8296000,8297000,8297000,8296000,1.30075021
20171109160800,8296000,8299000,8299000,8296000,1.45242719
20171109160900,8299000,8296000,8299000,8296000,2.34996477
20171109161000,8297000,8292000,8297000,8292000,1.85528508
20171109161100,8295000,8295000,8296000,8290000,1.08258143
20171109161200,8294000,8295000,8295000,8292000,1.09478604
20171109161300,8293000,8294000,8295000,8290000,3.45375612
20171109161400,8295000,8295000,8295000,8294000,1.62202468
20171109161500,8295000,8298000,8300000,8294000,1.86342259
20171109161600,8298000,8297000,8300000,8297000,0.96444176
20171109161700,8298000,8298000,8300000,8297000,1.00091248
20171109161800,8298000,8297000,8298000,8297000,2.29364566
20171109161900,8296000,8291000,8296000,8290000,2.72262571
20171109162000,8293000,8290000,8294000,8288000,1.65116443
20171109162100,8291000,8292000,8292000,8291000,1.65555953
20171109162200,8291000,8286000,8291000,8285000,5.03887646
20171109162300,8285000,8287000,8288000,8284000,1.29010318
20171109162400,8287000,8285000,8288000,8282000,2.12197947
20171109162500,8284000,8279000,8284000,8277000,1.42065719
20171109162600,8273000,8279000,8279000,8272000,1.18547477
20171109162700,8275000,8275000,8278000,8274000,1.56692979
20171109162800,8276000,8278000,8279000,8275000,1.86273236
20171109162900,8277000,8280000,8280000,8276000,1.10036134
20171109163000,8280000,8289000,8290000,8280000,0.9710107
20171109163100,8290000,8295000,8295000,8289000,0.96390802
20171109163200,8295000,8295000,8298000,8291000,1.03194293
20171109163300,8295000,8290000,8295000,8290000,0.8531962
20171109163400,8294000,8290000,8294000,8290000,1.32122361
20171109163500,8289000,8291000,8293000,8289000,1.88494465
20171109163600,8291000,8292000,8298000,8291000,1.02253463
20171109163700,8291000,8291000,8292000,8289000,1.20382872
20171109163800,8292000,8294000,8296000,8292000,1.02975657
20171109163900,8295000,8295000,8296000,8294000,0.95922492
20171109164000,8296000,8297000,8298000,8295000,2.54535894
20171109164100,8297000,8301000,8301000,8297000,1.68045504
20171109164200,8301000,8302000,8302000,8301000,2.19535822
20171109164300,8303000,8305000,8306000,8303000,1.40635033
20171109164400,8308000,8311000,8311000,8307000,1.78627351
20171109164500,8311000,8319000,8319000,8310000,1.44136834
20171109164600,8319000,8321000,8321000,8319000,1.50312448
20171109164700,8320000,8319000,8321000,8319000,3.70516642
20171109164800,8320000,8321000,8321000,8300000,3.26952923
20171109164900,8301000,8319000,8321000,8300000,1.28086848
20171109165000,8318000,8315000,8318000,8302000,1.0168977
20171109165100,8303000,8304000,8315000,8302000,1.58513198
20171109165200,8303000,8304000,8314000,8303000,1.07489111
20171109165300,8307000,8304000,8307000,8303000,1.61992634
20171109165400,8306000,8307000,8307000,8305000,1.09819729
20171109165500,8307000,8306000,8307000,8306000,1.79276436
20171109165600,8306000,8307000,8307000,8305000,1.80393341
20171109165700,8306000,8304000,8307000,8304000,2.90442512
20171109165800,8307000,8306000,8307000,8304000,1.23464486
20171109165900,8306000,8306000,8307000,8306000,0.86947944
20171109170000,8307000,8307000,8307000,8306000,0.84645811
20171109170100,8307000,8314000,8314000,8307000,0.9436062
20171109170200,8313000,8318000,8319000,8313000,0.8967037
20171109170300,8317000,8319000,8321000,8314000,1.29803095
20171109170400,8318000,8317000,8321000,8317000,1.57934381
20171109170500,8317000,8316000,8317000,8314000,1.65960794
20171109170600,8314000,8314000,8316000,8313000,1.11656422
20171109170700,8314000,8314000,8314000,8309000,1.65832463
20171109170800,8312000,8307000,8312000,8307000,2.74163017
20171109170900,8305000,8305000,8306000,8302000,5.3138280999999985
20171109171000,8306000,8305000,8306000,8305000,1.98894422
20171109171100,8305000,8305000,8306000,8304000,1.76598031
20171109171200,8304000,8304000,8307000,8303000,2.24795441
20171109171300,8304000,8305000,8315000,8299000,3.77819633
20171109171400,8305000,8315000,8316000,8305000,3.26661546
20171109171500,8315000,8308000,8316000,8304000,2.6383268
20171109171600,8304000,8306000,8308000,8304000,1.62482957
20171109171700,8305000,8304000,8305000,8304000,2.04563112
20171109171800,8300000,8301000,8305000,8299000,2.23688879
20171109171900,8302000,8300000,8303000,8299000,2.607143
20171109172000,8303000,8299000,8303000,8299000,2.04219658
20171109172100,8298000,8297000,8299000,8279000,4.53070228
20171109172200,8296000,8297000,8299000,8296000,2.64363624
20171109172300,8298000,8298000,8299000,8298000,1.68571337
20171109172400,8298000,8280000,8299000,8280000,2.90960476
20171109172500,8281000,8291000,8294000,8271000,3.82798626
20171109172600,8291000,8289000,8291000,8270000,2.93035719
20171109172700,8272000,8269000,8298000,8268000,4.02301845
20171109172800,8269000,8250000,8287000,8250000,6.42040041
20171109172900,8250000,8215000,8250000,8214000,5.278510400000001
20171109173000,8214000,8203000,8220000,8203000,2.84793502
20171109173100,8202000,8250000,8250000,8201000,4.8116993
20171109173200,8250000,8204000,8250000,8201000,4.288057299999998
20171109173300,8203000,8236000,8240000,8202000,2.85770569
20171109173400,8236000,8208000,8237000,8204000,2.40636649
20171109173500,8208000,8203000,8210000,8203000,6.11602251
20171109173600,8203000,8199000,8203000,8199000,7.43043494
20171109173700,8195000,8187000,8230000,8186000,5.46222174
20171109173800,8229000,8187000,8229000,8186000,2.5562444
20171109173900,8187000,8186000,8187000,8184000,2.27281973
20171109174000,8186000,8184000,8187000,8183000,5.32282281
20171109174100,8184000,8184000,8184000,8180000,6.64815585
20171109174200,8185000,8181000,8185000,8181000,2.63991872
20171109174300,8181000,8210000,8210000,8181000,1.63984756
20171109174400,8186000,8189000,8209000,8186000,2.3694373
20171109174500,8189000,8210000,8210000,8189000,5.36627737
20171109174600,8220000,8220000,8224000,8210000,1.53550081
20171109174700,8220000,8227000,8227000,8214000,5.55215413
20171109174800,8227000,8242000,8243000,8227000,1.65614798
20171109174900,8242000,8241000,8243000,8233000,1.14960381
20171109175000,8235000,8235000,8242000,8235000,2.66527869
20171109175100,8235000,8242000,8242000,8232000,3.9592863
20171109175200,8235000,8239000,8240000,8234000,2.88252434
20171109175300,8235000,8235000,8236000,8230000,1.62949242
20171109175400,8230000,8226000,8230000,8210000,1.5812634
20171109175500,8211000,8210000,8212000,8210000,0.8617604999999999
20171109175600,8210000,8211000,8211000,8210000,0.76571667
20171109175700,8221000,8219000,8221000,8214000,0.76046911
20171109175800,8217000,8213000,8217000,8213000,1.18792514
20171109175900,8213000,8209000,8213000,8209000,1.65414035
20171109180000,8209000,8213000,8213000,8208000,3.85877579
20171109180100,8212000,8211000,8213000,8210000,1.05366867
20171109180200,8210000,8211000,8211000,8210000,1.06872609
20171109180300,8212000,8212000,8213000,8210000,1.75990211
20171109180400,8212000,8212000,8213000,8210000,1.45359463
20171109180500,8212000,8216000,8216000,8212000,2.349481
20171109180600,8214000,8213000,8219000,8213000,2.88351687
20171109180700,8218000,8219000,8219000,8213000,2.45727064
20171109180800,8216000,8212000,8216000,8212000,7.22362582
20171109180900,8213000,8210000,8213000,8209000,2.45445342
20171109181000,8205000,8203000,8210000,8201000,1.71177188
20171109181100,8201000,8180000,8202000,8180000,4.06773266
20171109181200,8180000,8160000,8180000,8160000,3.56177307
20171109181300,8160000,8160000,8165000,8151000,4.78806391
20171109181400,8160000,8161000,8165000,8153000,3.04639793
20171109181500,8164000,8170000,8170000,8163000,2.09661018
20171109181600,8170000,8167000,8170000,8165000,2.51069731
20171109181700,8168000,8168000,8168000,8152000,3.34557538
20171109181800,8165000,8173000,8173000,8154000,2.9270321
20171109181900,8175000,8171000,8210000,8171000,4.19669581
20171109182000,8170000,8170000,8171000,8166000,1.08531218
20171109182100,8169000,8168000,8170000,8167000,0.95030909
20171109182200,8168000,8166000,8168000,8166000,1.46101101
20171109182300,8165000,8157000,8166000,8157000,2.15457367
20171109182400,8163000,8162000,8163000,8157000,1.03969119
20171109182500,8161000,8161000,8162000,8159000,1.865821
20171109182600,8162000,8162000,8162000,8161000,1.3259762
20171109182700,8162000,8162000,8162000,8161000,5.69510932
20171109182800,8162000,8161000,8162000,8161000,5.40598386
20171109182900,8162000,8161000,8162000,8157000,2.40440235
20171109183000,8160000,8161000,8161000,8160000,1.02775543
20171109183100,8160000,8161000,8161000,8159000,2.41582369
20171109183200,8160000,8162000,8162000,8160000,1.85127681
20171109183300,8162000,8163000,8164000,8161000,4.40921607
20171109183400,8163000,8164000,8165000,8163000,1.25425903
20171109183500,8164000,8164000,8165000,8164000,1.39780713
20171109183600,8164000,8166000,8166000,8163000,1.51278063
20171109183700,8167000,8180000,8181000,8167000,4.28501902
20171109183800,8180000,8171000,8192000,8171000,2.19571231
20171109183900,8172000,8190000,8190000,8172000,0.83639111
20171109184000,8177000,8190000,8190000,8177000,1.21173047
20171109184100,8193000,8195000,8195000,8191000,0.87470135
20171109184200,8195000,8194000,8198000,8193000,2.4426056000000003
20171109184300,8195000,8198000,8199000,8194000,3.02561593
20171109184400,8200000,8198000,8200000,8198000,3.21351863
20171109184500,8200000,8210000,8210000,8200000,1.03908553
20171109184600,8209000,8208000,8209000,8200000,1.13730943
20171109184700,8208000,8205000,8208000,8200000,4.26918595
20171109184800,8204000,8204000,8204000,8194000,0.72658175
20171109184900,8195000,8203000,8204000,8194000,1.07270643
20171109185000,8203000,8196000,8204000,8196000,1.71829347
20171109185100,8194000,8196000,8196000,8192000,1.37622365
20171109185200,8196000,8196000,8202000,8196000,4.84168286
20171109185300,8201000,8204000,8204000,8200000,2.38727406
20171109185400,8204000,8205000,8205000,8204000,0.786424
20171109185500,8208000,8206000,8210000,8202000,2.24751326
20171109185600,8212000,8235000,8235000,8212000,2.70060489
20171109185700,8230000,8243000,8244000,8230000,3.11446598
20171109185800,8244000,8248000,8250000,8240000,1.90269741
20171109185900,8245000,8236000,8245000,8236000,2.65743903
20171109190000,8235000,8221000,8236000,8217000,2.14630285
20171109190100,8220000,8217000,8220000,8216000,0.80637005
20171109190200,8215000,8217000,8217000,8211000,1.64233213
20171109190300,8217000,8239000,8239000,8216000,2.55508916
20171109190400,8217000,8222000,8295000,8216000,4.64053326
20171109190500,8295000,8290000,8295000,8221000,3.50127231
20171109190600,8290000,8225000,8290000,8224000,1.11954117
20171109190700,8225000,8277000,8277000,8225000,0.92105007
20171109190800,8275000,8231000,8275000,8226000,0.86639873
20171109190900,8232000,8223000,8232000,8223000,2.50165349
20171109191000,8224000,8222000,8225000,8210000,5.45036591
20171109191100,8222000,8227000,8229000,8200000,1.75709331
20171109191200,8202000,8226000,8227000,8201000,1.95814834
20171109191300,8201000,8203000,8226000,8201000,1.97646564
20171109191400,8203000,8221000,8222000,8203000,1.30275247
20171109191500,8220000,8220000,8221000,8204000,1.25807546
20171109191600,8204000,8202000,8204000,8200000,1.97213549
20171109191700,8201000,8200000,8202000,8197000,1.37779464
20171109191800,8200000,8197000,8203000,8197000,1.34978639
20171109191900,8202000,8211000,8211000,8202000,1.58124133
20171109192000,8211000,8211000,8212000,8210000,2.69629187
20171109192100,8212000,8218000,8219000,8211000,1.58799083
20171109192200,8217000,8219000,8219000,8217000,0.8991459999999999
20171109192300,8218000,8216000,8219000,8212000,1.18214018
20171109192400,8213000,8217000,8218000,8213000,2.48448314
20171109192500,8217000,8217000,8218000,8217000,0.929791
20171109192600,8218000,8200000,8218000,8199000,3.3896542000000003
20171109192700,8200000,8215000,8217000,8200000,1.76704595
20171109192800,8213000,8198000,8214000,8198000,1.68785243
20171109192900,8199000,8194000,8212000,8192000,1.11955276
20171109193000,8194000,8212000,8212000,8192000,1.82510472
20171109193100,8212000,8211000,8212000,8198000,1.83567706
20171109193200,8210000,8206000,8210000,8197000,1.11281985
20171109193300,8206000,8201000,8206000,8200000,3.10442035
20171109193400,8201000,8200000,8201000,8199000,1.20806847
20171109193500,8200000,8207000,8210000,8200000,1.11078399
20171109193600,8209000,8208000,8209000,8206000,1.1553693
20171109193700,8208000,8206000,8209000,8200000,1.48598287
20171109193800,8205000,8206000,8207000,8205000,1.07405758
20171109193900,8206000,8205000,8207000,8205000,1.62069724
20171109194000,8205000,8204000,8205000,8204000,0.75870465
20171109194100,8205000,8205000,8207000,8204000,1.36634114
20171109194200,8207000,8199000,8207000,8199000,4.06512776
20171109194300,8197000,8196000,8199000,8194000,3.11167877
20171109194400,8199000,8196000,8200000,8195000,1.03701141
20171109194500,8198000,8198000,8198000,8195000,0.76049403
20171109194600,8196000,8198000,8198000,8194000,1.41012477
20171109194700,8197000,8200000,8200000,8197000,1.17869443
20171109194800,8200000,8199000,8200000,8195000,1.43756862
20171109194900,8199000,8201000,8201000,8198000,1.4362677
20171109195000,8201000,8201000,8205000,8199000,1.62434393
20171109195100,8205000,8200000,8205000,8199000,2.31509128
20171109195200,8200000,8204000,8209000,8199000,2.19536255
20171109195300,8199000,8201000,8204000,8199000,1.28843316
20171109195400,8204000,8199000,8210000,8199000,2.28752258
20171109195500,8207000,8203000,8207000,8194000,8.105636500000001
20171109195600,8204000,8204000,8204000,8194000,1.88816769
20171109195700,8201000,8190000,8203000,8190000,4.64413407
20171109195800,8191000,8192000,8192000,8190000,1.77812531
20171109195900,8191000,8192000,8192000,8191000,0.78410341
20171109200000,8192000,8191000,8192000,8190000,1.84608639
20171109200100,8191000,8193000,8194000,8191000,1.81513219
20171109200200,8193000,8190000,8193000,8190000,1.80423095
20171109200300,8190000,8189000,8190000,8189000,1.47128198
20171109200400,8191000,8189000,8191000,8189000,1.15661177
20171109200500,8191000,8189000,8191000,8188000,1.07086236
20171109200600,8188000,8182000,8190000,8182000,0.94524852
20171109200700,8181000,8190000,8190000,8180000,0.99388128
20171109200800,8190000,8177000,8190000,8176000,2.26242461
20171109200900,8177000,8189000,8190000,8175000,1.33382254
20171109201000,8189000,8189000,8189000,8178000,1.56152799
20171109201100,8188000,8180000,8188000,8179000,1.08266601
20171109201200,8187000,8185000,8187000,8179000,1.04751081
20171109201300,8185000,8183000,8185000,8177000,1.71929465
20171109201400,8183000,8181000,8183000,8180000,1.69738345
20171109201500,8181000,8179000,8181000,8179000,1.55440046
20171109201600,8177000,8181000,8181000,8175000,2.92641986
20171109201700,8176000,8139000,8176000,8139000,13.33760142
20171109201800,8139000,8140000,8150000,8138000,2.39188862
20171109201900,8138000,8140000,8140000,8120000,2.93952369
20171109202000,8124000,8125000,8140000,8124000,0.93522863
20171109202100,8125000,8139000,8140000,8124000,1.61750183
20171109202200,8138000,8136000,8138000,8125000,1.63237312
20171109202300,8136000,8122000,8136000,8122000,3.27505763
20171109202400,8122000,8122000,8125000,8121000,1.92357789
20171109202500,8122000,8121000,8122000,8120000,4.87252642
20171109202600,8120000,8115000,8121000,8115000,2.01337156
20171109202700,8114000,8105000,8115000,8105000,3.2798234
20171109202800,8106000,8115000,8115000,8105000,2.82881926
20171109202900,8111000,8115000,8121000,8110000,3.41662717
20171109203000,8121000,8140000,8160000,8115000,1.04873549
20171109203100,8140000,8150000,8150000,8120000,1.93462204
20171109203200,8150000,8148000,8150000,8130000,1.35678559
20171109203300,8147000,8145000,8147000,8135000,1.0441302
20171109203400,8145000,8127000,8145000,8126000,1.75966638
20171109203500,8131000,8121000,8131000,8115000,3.62288239
20171109203600,8130000,8121000,8130000,8120000,2.92895882
20171109203700,8122000,8128000,8128000,8120000,3.03535281
20171109203800,8127000,8120000,8128000,8119000,4.22774233
20171109203900,8119000,8120000,8120000,8119000,2.34824116
20171109204000,8119000,8116000,8120000,8115000,3.52512838
20171109204100,8116000,8114000,8116000,8114000,2.35831211
20171109204200,8114000,8119000,8119000,8114000,1.65469781
20171109204300,8117000,8120000,8120000,8116000,2.06299158
20171109204400,8120000,8119000,8120000,8119000,2.08135566
20171109204500,8120000,8118000,8120000,8118000,1.32649741
20171109204600,8119000,8117000,8119000,8114000,2.00997013
20171109204700,8118000,8117000,8118000,8114000,2.0436402
20171109204800,8115000,8112000,8117000,8112000,1.7770176
20171109204900,8115000,8116000,8117000,8112000,3.89150266
20171109205000,8114000,8114000,8117000,8113000,1.58990228
20171109205100,8114000,8113000,8114000,8112000,2.57919055
20171109205200,8113000,8113000,8114000,8108000,2.21925382
20171109205300,8112000,8111000,8112000,8111000,1.50563811
20171109205400,8111000,8112000,8112000,8106000,4.25103189
20171109205500,8111000,8112000,8113000,8111000,1.84372915
20171109205600,8113000,8143000,8143000,8112000,2.77191625
20171109205700,8143000,8140000,8144000,8121000,0.88478617
20171109205800,8141000,8138000,8141000,8121000,2.37445052
20171109205900,8138000,8122000,8138000,8122000,0.54360333
20171109210000,8137000,8122000,8137000,8121000,0.91803029
20171109210100,8121000,8115000,8121000,8115000,3.26032168
20171109210200,8116000,8110000,8116000,8110000,1.70892134
20171109210300,8110000,8107000,8111000,8105000,4.1885509
20171109210400,8105000,8108000,8108000,8105000,2.26872666
20171109210500,8107000,8108000,8133000,8105000,3.67817929
20171109210600,8105000,8102000,8122000,8102000,3.65363086
20171109210700,8101000,8099000,8102000,8099000,18.10533943
20171109210800,8099000,8070000,8100000,8069000,10.54521792
20171109210900,8070000,8046000,8071000,8045000,8.63944903
20171109211000,8045000,8042000,8046000,8041000,2.38968073
20171109211100,8041000,8049000,8050000,8041000,3.00433042
20171109211200,8088000,8051000,8088000,8049000,6.66524059
20171109211300,8051000,8090000,8090000,8051000,2.73167205
20171109211400,8089000,8090000,8099000,8070000,4.21278474
20171109211500,8090000,8118000,8120000,8074000,1.3228656
20171109211600,8116000,8114000,8117000,8090000,2.07129919
20171109211700,8110000,8103000,8110000,8100000,1.92030141
20171109211800,8102000,8119000,8120000,8102000,5.02383245
20171109211900,8120000,8116000,8131000,8111000,2.00160525
20171109212000,8126000,8116000,8126000,8111000,1.80487124
20171109212100,8115000,8112000,8122000,8111000,2.27139009
20171109212200,8112000,8119000,8129000,8109000,4.09574766
20171109212300,8120000,8120000,8120000,8109000,4.03060233
20171109212400,8129000,8110000,8130000,8110000,2.01995324
20171109212500,8109000,8119000,8120000,8102000,2.27985089
20171109212600,8120000,8120000,8120000,8105000,2.77428089
20171109212700,8120000,8126000,8126000,8110000,2.17639077
20171109212800,8126000,8105000,8128000,8105000,3.87306474
20171109212900,8120000,8100000,8120000,8100000,2.07237426
20171109213000,8101000,8101000,8101000,8100000,1.26423083
20171109213100,8100000,8091000,8101000,8091000,4.66112514
20171109213200,8101000,8111000,8112000,8100000,1.16694537
20171109213300,8112000,8091000,8120000,8091000,1.86347419
20171109213400,8091000,8101000,8101000,8091000,1.58099068
20171109213500,8100000,8092000,8101000,8090000,3.11926538
20171109213600,8091000,8101000,8101000,8090000,3.99219628
20171109213700,8100000,8119000,8119000,8092000,3.33243609
20171109213800,8119000,8119000,8120000,8118000,3.41853488
20171109213900,8119000,8118000,8119000,8118000,1.74829187
20171109214000,8119000,8120000,8120000,8118000,1.46620538
20171109214100,8120000,8119000,8125000,8118000,4.40422941
20171109214200,8119000,8124000,8128000,8119000,2.01853345
20171109214300,8128000,8140000,8140000,8128000,4.75604843
20171109214400,8141000,8140000,8144000,8138000,2.96410048
20171109214500,8140000,8138000,8143000,8130000,2.98907755
20171109214600,8137000,8139000,8139000,8134000,4.49083453
20171109214700,8139000,8144000,8144000,8139000,2.96457022
20171109214800,8143000,8143000,8144000,8141000,1.2595468
20171109214900,8144000,8141000,8144000,8138000,2.39166167
20171109215000,8140000,8138000,8141000,8138000,2.35608394
20171109215100,8139000,8142000,8142000,8138000,3.59949293
20171109215200,8142000,8144000,8144000,8141000,1.81778614
20171109215300,8144000,8149000,8150000,8138000,4.16221849
20171109215400,8149000,8149000,8150000,8149000,1.72003686
20171109215500,8150000,8171000,8189000,8149000,6.43432523
20171109215600,8189000,8182000,8189000,8171000,1.19755004
20171109215700,8184000,8171000,8186000,8171000,1.12056277
20171109215800,8171000,8186000,8186000,8171000,2.36937921
20171109215900,8185000,8185000,8186000,8181000,0.82620775
20171109220000,8184000,8183000,8185000,8180000,1.08835204
20171109220100,8181000,8171000,8183000,8170000,3.55905061
20171109220200,8182000,8176000,8182000,8171000,2.40348881
20171109220300,8172000,8165000,8177000,8164000,3.69828368
20171109220400,8169000,8167000,8169000,8164000,0.7381994000000001
20171109220500,8164000,8167000,8167000,8164000,2.14436865
20171109220600,8167000,8166000,8167000,8165000,2.06595053
20171109220700,8165000,8164000,8166000,8140000,2.24049989
20171109220800,8164000,8163000,8164000,8139000,2.00327049
20171109220900,8140000,8156000,8160000,8140000,1.28953886
20171109221000,8149000,8147000,8152000,8138000,4.99669028
20171109221100,8138000,8145000,8146000,8138000,3.24045398
20171109221200,8145000,8139000,8145000,8139000,1.53819273
20171109221300,8139000,8140000,8144000,8138000,1.76545629
20171109221400,8140000,8143000,8144000,8138000,2.86391243
20171109221500,8144000,8143000,8144000,8138000,1.81558162
20171109221600,8142000,8142000,8143000,8141000,1.38119617
20171109221700,8140000,8141000,8142000,8138000,2.14550176
20171109221800,8141000,8143000,8143000,8140000,1.66750996
20171109221900,8142000,8140000,8143000,8140000,2.23255626
20171109222000,8142000,8141000,8142000,8141000,1.62660905
20171109222100,8141000,8142000,8142000,8140000,1.99237994
20171109222200,8142000,8141000,8142000,8140000,1.67519867
20171109222300,8141000,8140000,8141000,8138000,4.45153819
20171109222400,8141000,8139000,8141000,8139000,1.35224956
20171109222500,8140000,8140000,8140000,8139000,0.94606637
20171109222600,8140000,8140000,8140000,8138000,2.59356689
20171109222700,8139000,8139000,8139000,8139000,1.23246185
20171109222800,8139000,8142000,8142000,8138000,2.87505752
20171109222900,8141000,8141000,8142000,8138000,1.17949457
20171109223000,8139000,8139000,8140000,8138000,2.11851775
20171109223100,8139000,8138000,8140000,8138000,1.84091961
20171109223200,8138000,8140000,8140000,8138000,2.02323034
20171109223300,8140000,8140000,8140000,8138000,1.41991032
20171109223400,8140000,8139000,8140000,8138000,1.40957764
20171109223500,8139000,8139000,8139000,8138000,2.63515906
20171109223600,8138000,8139000,8139000,8138000,4.41672848
20171109223700,8139000,8139000,8139000,8138000,1.08465335
20171109223800,8139000,8138000,8139000,8138000,0.88277545
20171109223900,8139000,8130000,8139000,8130000,4.30956015
20171109224000,8131000,8137000,8138000,8130000,0.85471926
20171109224100,8137000,8131000,8137000,8126000,1.01969051
20171109224200,8126000,8130000,8131000,8126000,1.40711586
20171109224300,8130000,8127000,8130000,8126000,1.33845551
20171109224400,8127000,8130000,8130000,8126000,1.584031
20171109224500,8127000,8129000,8130000,8126000,1.13511244
20171109224600,8128000,8128000,8129000,8128000,1.11784262
20171109224700,8128000,8128000,8129000,8128000,2.59279949
20171109224800,8128000,8127000,8129000,8127000,0.95187051
20171109224900,8127000,8126000,8128000,8126000,1.91942432
20171109225000,8126000,8126000,8127000,8126000,1.52153649
20171109225100,8125000,8125000,8126000,8124000,1.60474539
20171109225200,8125000,8121000,8126000,8120000,2.54941753
20171109225300,8123000,8119000,8123000,8117000,1.69494759
20171109225400,8119000,8101000,8119000,8101000,3.22694459
20171109225500,8100000,8101000,8101000,8100000,1.90820247
20171109225600,8100000,8109000,8109000,8100000,1.75848096
20171109225700,8110000,8102000,8110000,8101000,2.47186164
20171109225800,8109000,8108000,8109000,8102000,1.99168407
20171109225900,8107000,8105000,8107000,8100000,5.62575624
20171109230000,8106000,8106000,8106000,8100000,2.90047285
20171109230100,8101000,8106000,8106000,8101000,0.765069
20171109230200,8104000,8110000,8110000,8100000,1.36149547
20171109230300,8110000,8109000,8116000,8106000,2.52744424
20171109230400,8109000,8119000,8120000,8109000,1.14622253
20171109230500,8119000,8112000,8119000,8110000,1.92519484
20171109230600,8116000,8123000,8126000,8116000,1.0483277
20171109230700,8122000,8136000,8137000,8121000,2.54796544
20171109230800,8137000,8138000,8139000,8136000,2.71168905
20171109230900,8139000,8140000,8143000,8127000,1.46000782
20171109231000,8140000,8141000,8142000,8139000,0.70263247
20171109231100,8142000,8142000,8143000,8141000,1.54061242
20171109231200,8142000,8143000,8143000,8142000,1.36166058
20171109231300,8142000,8145000,8145000,8142000,1.21715683
20171109231400,8145000,8143000,8145000,8141000,1.83028737
20171109231500,8143000,8141000,8143000,8141000,2.46156242
20171109231600,8141000,8141000,8141000,8130000,2.06229628
20171109231700,8132000,8131000,8139000,8131000,1.11658756
20171109231800,8133000,8134000,8136000,8132000,0.69960487
20171109231900,8135000,8140000,8140000,8135000,1.79530816
20171109232000,8140000,8140000,8140000,8139000,2.15917438
20171109232100,8140000,8139000,8140000,8139000,1.77192067
20171109232200,8139000,8140000,8141000,8138000,2.44278179
20171109232300,8141000,8141000,8142000,8140000,1.57274971
20171109232400,8142000,8159000,8159000,8141000,2.8099236000000003
20171109232500,8159000,8150000,8159000,8149000,1.39263877
20171109232600,8149000,8149000,8150000,8144000,2.18681872
20171109232700,8149000,8147000,8149000,8143000,2.24229137
20171109232800,8146000,8148000,8148000,8146000,0.96144678
20171109232900,8148000,8149000,8149000,8145000,2.14916608
20171109233000,8148000,8147000,8148000,8147000,2.87601191
20171109233100,8147000,8147000,8149000,8147000,1.32864114
20171109233200,8148000,8149000,8149000,8147000,1.15227292
20171109233300,8148000,8156000,8156000,8148000,1.94282526
20171109233400,8157000,8158000,8159000,8157000,1.78834808
20171109233500,8159000,8158000,8159000,8157000,1.03499189
20171109233600,8157000,8158000,8158000,8156000,2.4218233
20171109233700,8158000,8158000,8159000,8158000,1.85711862
20171109233800,8159000,8155000,8159000,8155000,1.83880925
20171109233900,8156000,8152000,8156000,8151000,2.12377477
20171109234000,8155000,8152000,8155000,8151000,1.19998341
20171109234100,8152000,8151000,8152000,8148000,1.69516114
20171109234200,8152000,8151000,8153000,8150000,1.92987015
20171109234300,8151000,8151000,8151000,8150000,1.06575609
20171109234400,8151000,8150000,8151000,8150000,1.31212659
20171109234500,8151000,8145000,8151000,8145000,2.61935456
20171109234600,8145000,8142000,8145000,8141000,1.40430033
20171109234700,8142000,8144000,8144000,8142000,1.02009666
20171109234800,8143000,8143000,8143000,8142000,0.90238078
20171109234900,8143000,8143000,8143000,8142000,1.29534524
20171109235000,8143000,8155000,8156000,8143000,3.56680039
20171109235100,8156000,8169000,8170000,8156000,1.68433781
20171109235200,8169000,8162000,8169000,8162000,1.56661381
20171109235300,8162000,8158000,8162000,8156000,2.45103515
20171109235400,8158000,8157000,8158000,8152000,2.51189408
20171109235500,8153000,8158000,8158000,8153000,1.11325838
20171109235600,8158000,8151000,8158000,8151000,1.42804704
20171109235700,8150000,8150000,8151000,8148000,2.14385834
20171109235800,8150000,8145000,8156000,8144000,2.59521003
20171109235900,8144000,8144000,8144000,8144000,0.6882902
